Timestamp,Platform,Hashtag,Region
2026-03-04,LinkedIn,#Netflix,Latin America
2026-03-04,Facebook,#CloudComputing,North America
2026-03-01,Instagram,#Netflix,Asia-Pacific
2026-03-04,Facebook,#CloudComputing,Middle East
2026-03-01,LinkedIn,#Tech,Middle East
2026-03-01,LinkedIn,#Movies,Europe
2026-03-01,LinkedIn,#Hollywood,Europe
2026-03-04,LinkedIn,#Netflix,North America
2026-03-04,LinkedIn,#AI,North America
2026-03-05,Twitter/X,#AI,North America
2026-03-04,Facebook,#DataScience,North America
2026-03-05,Instagram,#Sports,Middle East
2026-03-04,Instagram,#MachineLearning,Latin America
2026-03-05,Twitter/X,#CloudComputing,Latin America
2026-03-05,Facebook,#IPL,Latin America
2026-03-03,LinkedIn,#Hollywood,Latin America
2026-03-04,Facebook,#CloudComputing,Middle East
2026-03-02,Facebook,#Cricket,Asia-Pacific
2026-03-02,Instagram,#Football,North America
2026-03-04,Instagram,#CloudComputing,Middle East
2026-03-04,LinkedIn,#Netflix,Europe
2026-03-01,LinkedIn,#AI,Middle East
2026-03-05,LinkedIn,#Hollywood,Middle East
2026-03-02,Facebook,#Football,Asia-Pacific
2026-03-01,Instagram,#MachineLearning,Europe
2026-03-01,Instagram,#Cricket,Asia-Pacific
2026-03-01,Facebook,#Cricket,Asia-Pacific
2026-03-01,Instagram,#Bollywood,North America
2026-03-03,Facebook,#Gaming,Asia-Pacific
2026-03-02,Twitter/X,#Gaming,North America
2026-03-02,Facebook,#Gaming,Latin America
2026-03-03,LinkedIn,#Tennis,Europe
2026-03-02,LinkedIn,#DataScience,Asia-Pacific
2026-03-01,Twitter/X,#Sports,Latin America
2026-03-04,LinkedIn,#Gaming,North America
2026-03-04,Instagram,#MachineLearning,Latin America
2026-03-04,Twitter/X,#AI,North America
2026-03-05,Instagram,#Netflix,Latin America
2026-03-03,Instagram,#Movies,Latin America
2026-03-01,Instagram,#AI,Middle East
2026-03-05,LinkedIn,#MachineLearning,Latin America
2026-03-02,Facebook,#MachineLearning,Europe
2026-03-02,Facebook,#Movies,North America
2026-03-02,Instagram,#Hollywood,Europe
2026-03-02,LinkedIn,#Cricket,Europe
2026-03-02,Facebook,#AI,North America
2026-03-04,Instagram,#MachineLearning,Middle East
2026-03-05,Instagram,#FIFA,Asia-Pacific
2026-03-05,Instagram,#Cricket,Asia-Pacific
2026-03-01,Instagram,#Football,Asia-Pacific
2026-03-04,Instagram,#AI,North America
2026-03-04,Instagram,#MachineLearning,Europe
2026-03-01,Twitter/X,#Football,Latin America
2026-03-05,Twitter/X,#CloudComputing,Asia-Pacific
2026-03-05,Facebook,#Football,North America
2026-03-01,Twitter/X,#Gaming,Asia-Pacific
2026-03-02,Facebook,#Tennis,Middle East
2026-03-04,Twitter/X,#Football,Middle East
2026-03-05,Twitter/X,#Tennis,Asia-Pacific
2026-03-03,Facebook,#MachineLearning,Europe
2026-03-04,LinkedIn,#Cricket,North America
2026-03-05,Twitter/X,#Gaming,Latin America
2026-03-03,Facebook,#Tech,Latin America
2026-03-05,Facebook,#DataScience,Latin America
2026-03-03,Twitter/X,#DataScience,Europe
2026-03-03,Instagram,#CloudComputing,Asia-Pacific
2026-03-01,Instagram,#DataScience,Asia-Pacific
2026-03-04,Instagram,#Movies,Asia-Pacific
2026-03-02,Facebook,#MachineLearning,North America
2026-03-05,Facebook,#Movies,Europe
2026-03-05,Facebook,#Netflix,Asia-Pacific
2026-03-05,Twitter/X,#AI,Middle East
2026-03-02,Instagram,#Hollywood,Asia-Pacific
2026-03-03,Instagram,#CloudComputing,Europe
2026-03-04,Facebook,#DataScience,Latin America
2026-03-05,LinkedIn,#Hollywood,Europe
2026-03-04,LinkedIn,#Gaming,Europe
2026-03-05,Twitter/X,#Cricket,Europe
2026-03-03,LinkedIn,#AI,North America
2026-03-03,Twitter/X,#Tech,Europe
2026-03-04,Facebook,#Football,Europe
2026-03-04,Twitter/X,#Football,Europe
2026-03-02,Instagram,#MachineLearning,North America
2026-03-03,Facebook,#DataScience,Asia-Pacific
2026-03-04,LinkedIn,#Football,Asia-Pacific
2026-03-03,Facebook,#MachineLearning,Europe
2026-03-03,Twitter/X,#Hollywood,Middle East
2026-03-05,Instagram,#Football,North America
2026-03-05,Twitter/X,#MachineLearning,Latin America
2026-03-04,Twitter/X,#CloudComputing,Latin America
2026-03-03,Facebook,#Sports,Asia-Pacific
2026-03-01,Facebook,#AI,Asia-Pacific
2026-03-02,Facebook,#CloudComputing,North America
2026-03-05,Instagram,#Cricket,Latin America
2026-03-01,Twitter/X,#AI,Middle East
2026-03-02,Instagram,#DataScience,Middle East
2026-03-01,LinkedIn,#IPL,Middle East
2026-03-04,Facebook,#FIFA,Europe
2026-03-02,LinkedIn,#IPL,Asia-Pacific
2026-03-02,Facebook,#Tennis,Latin America
2026-03-04,Facebook,#MachineLearning,Europe
2026-03-03,Facebook,#Gaming,North America
2026-03-02,Twitter/X,#CloudComputing,Europe
2026-03-02,Instagram,#Cricket,North America
2026-03-02,Facebook,#Netflix,Europe
2026-03-04,Instagram,#AI,Middle East
2026-03-03,LinkedIn,#FIFA,Europe
2026-03-04,Instagram,#CyberSecurity,Europe
2026-03-03,LinkedIn,#CyberSecurity,Europe
2026-03-03,Twitter/X,#Cricket,North America
2026-03-03,Twitter/X,#DataScience,Latin America
2026-03-05,LinkedIn,#Gaming,Europe
2026-03-03,LinkedIn,#Gaming,Asia-Pacific
2026-03-05,Instagram,#Sports,Middle East
2026-03-04,LinkedIn,#DataScience,Asia-Pacific
2026-03-04,Twitter/X,#Tech,Asia-Pacific
2026-03-01,Twitter/X,#AI,Asia-Pacific
2026-03-01,Instagram,#Music,Asia-Pacific
2026-03-02,Facebook,#AI,Europe
2026-03-05,Twitter/X,#MachineLearning,North America
2026-03-01,Twitter/X,#Netflix,Middle East
2026-03-01,LinkedIn,#Movies,Latin America
2026-03-03,Instagram,#AI,Europe
2026-03-02,LinkedIn,#Cricket,Middle East
2026-03-03,Instagram,#Cricket,Asia-Pacific
2026-03-05,Facebook,#Tech,North America
2026-03-03,LinkedIn,#Gaming,Latin America
2026-03-03,Instagram,#AI,North America
2026-03-05,Instagram,#CloudComputing,Asia-Pacific
2026-03-01,Facebook,#Netflix,Asia-Pacific
2026-03-04,Instagram,#Football,Europe
2026-03-03,LinkedIn,#IPL,Asia-Pacific
2026-03-02,Twitter/X,#Cricket,Middle East
2026-03-03,LinkedIn,#Music,Middle East
2026-03-04,Facebook,#Music,Asia-Pacific
2026-03-02,Twitter/X,#MachineLearning,North America
2026-03-04,Facebook,#DataScience,Asia-Pacific
2026-03-01,Instagram,#Bollywood,Latin America
2026-03-04,Instagram,#Cricket,North America
2026-03-01,Instagram,#Netflix,Europe
2026-03-03,LinkedIn,#MachineLearning,Latin America
2026-03-03,LinkedIn,#MachineLearning,Middle East
2026-03-03,Twitter/X,#AI,Middle East
2026-03-04,Twitter/X,#Football,Middle East
2026-03-04,Twitter/X,#AI,Middle East
2026-03-04,Facebook,#Gaming,Europe
2026-03-04,Twitter/X,#Cricket,North America
2026-03-03,LinkedIn,#Netflix,Asia-Pacific
2026-03-05,Twitter/X,#CyberSecurity,Asia-Pacific
2026-03-02,Facebook,#Football,Middle East
2026-03-05,LinkedIn,#Gaming,Middle East
2026-03-05,LinkedIn,#CyberSecurity,North America
2026-03-01,Facebook,#Football,Asia-Pacific
2026-03-05,Facebook,#AI,North America
2026-03-03,Facebook,#MachineLearning,Asia-Pacific
2026-03-03,Facebook,#Sports,Asia-Pacific
2026-03-03,LinkedIn,#Tennis,Latin America
2026-03-01,LinkedIn,#Music,Europe
2026-03-01,Facebook,#IPL,North America
2026-03-01,Facebook,#Movies,Asia-Pacific
2026-03-03,Facebook,#Netflix,Latin America
2026-03-03,LinkedIn,#IPL,North America
2026-03-02,Twitter/X,#AI,Asia-Pacific
2026-03-05,Instagram,#Movies,Asia-Pacific
2026-03-01,LinkedIn,#IPL,Middle East
2026-03-05,LinkedIn,#CloudComputing,Asia-Pacific
2026-03-01,LinkedIn,#Sports,Asia-Pacific
2026-03-04,Facebook,#AI,Europe
2026-03-01,Twitter/X,#Tech,Latin America
2026-03-05,Facebook,#Football,Europe
2026-03-01,Facebook,#FIFA,North America
2026-03-03,Twitter/X,#IPL,North America
2026-03-02,Twitter/X,#Tech,North America
2026-03-01,Twitter/X,#Netflix,Latin America
2026-03-02,Facebook,#AI,Europe
2026-03-04,Facebook,#Cricket,Europe
2026-03-02,LinkedIn,#FIFA,North America
2026-03-03,Facebook,#Sports,North America
2026-03-03,Instagram,#Cricket,Latin America
2026-03-03,Twitter/X,#IPL,Europe
2026-03-04,Instagram,#DataScience,Middle East
2026-03-05,Facebook,#Music,Europe
2026-03-04,Twitter/X,#Tennis,North America
2026-03-01,LinkedIn,#Bollywood,Asia-Pacific
2026-03-05,Facebook,#Football,Middle East
2026-03-01,Instagram,#MachineLearning,Europe
2026-03-05,Instagram,#CyberSecurity,Middle East
2026-03-03,Instagram,#CloudComputing,Middle East
2026-03-02,Instagram,#Cricket,Latin America
2026-03-01,Twitter/X,#Cricket,Middle East
2026-03-01,Facebook,#Music,Middle East
2026-03-02,Facebook,#Cricket,North America
2026-03-04,LinkedIn,#AI,Latin America
2026-03-01,Instagram,#Netflix,North America
2026-03-01,Instagram,#Gaming,Europe
2026-03-01,Twitter/X,#Bollywood,Asia-Pacific
2026-03-05,LinkedIn,#MachineLearning,Latin America
2026-03-03,Twitter/X,#Tech,Europe
2026-03-03,LinkedIn,#Sports,North America
2026-03-04,LinkedIn,#AI,Latin America
2026-03-03,Twitter/X,#AI,North America
2026-03-05,Instagram,#IPL,Europe
2026-03-04,Twitter/X,#DataScience,Europe
2026-03-01,Instagram,#CloudComputing,Asia-Pacific
2026-03-02,LinkedIn,#Netflix,Europe
2026-03-03,Facebook,#Movies,Europe
2026-03-04,Twitter/X,#AI,Latin America
2026-03-03,LinkedIn,#IPL,Asia-Pacific
2026-03-02,Instagram,#CloudComputing,Middle East
2026-03-04,Instagram,#Football,Latin America
2026-03-04,Facebook,#FIFA,Middle East
2026-03-03,Instagram,#IPL,Europe
2026-03-02,Twitter/X,#Cricket,Asia-Pacific
2026-03-03,Instagram,#AI,Asia-Pacific
2026-03-04,LinkedIn,#IPL,North America
2026-03-02,Twitter/X,#Gaming,Latin America
2026-03-05,Facebook,#Hollywood,Middle East
2026-03-05,Facebook,#Football,Europe
2026-03-01,LinkedIn,#AI,North America
2026-03-03,Instagram,#Cricket,Asia-Pacific
2026-03-04,Facebook,#DataScience,Asia-Pacific
2026-03-05,Facebook,#Cricket,Asia-Pacific
2026-03-05,LinkedIn,#Cricket,North America
2026-03-04,Facebook,#Tech,North America
2026-03-02,Facebook,#Sports,North America
2026-03-03,Twitter/X,#FIFA,Europe
2026-03-01,LinkedIn,#AI,Middle East
2026-03-03,Twitter/X,#Cricket,Asia-Pacific
2026-03-03,Twitter/X,#Music,Asia-Pacific
2026-03-04,Facebook,#AI,Middle East
2026-03-04,Facebook,#MachineLearning,North America
2026-03-03,Instagram,#Bollywood,North America
2026-03-05,Instagram,#CyberSecurity,Asia-Pacific
2026-03-02,Twitter/X,#CloudComputing,Middle East
2026-03-05,LinkedIn,#Football,Latin America
2026-03-01,Instagram,#AI,North America
2026-03-02,Facebook,#Gaming,North America
2026-03-05,Twitter/X,#Cricket,Latin America
2026-03-04,Instagram,#Football,North America
2026-03-01,LinkedIn,#AI,Asia-Pacific
2026-03-04,Facebook,#DataScience,North America
2026-03-01,Twitter/X,#FIFA,North America
2026-03-05,Twitter/X,#Movies,Middle East
2026-03-03,Twitter/X,#Cricket,Europe
2026-03-05,Instagram,#Cricket,Asia-Pacific
2026-03-04,Facebook,#Football,Latin America
2026-03-01,LinkedIn,#IPL,North America
2026-03-03,Twitter/X,#Cricket,North America
2026-03-03,Facebook,#Football,Latin America
2026-03-05,Twitter/X,#Cricket,North America
2026-03-03,Instagram,#Music,North America
2026-03-01,Instagram,#DataScience,Europe
2026-03-01,LinkedIn,#Movies,North America
2026-03-01,Twitter/X,#Cricket,Europe
2026-03-03,Facebook,#Bollywood,Europe
2026-03-03,Facebook,#Gaming,Middle East
2026-03-02,Facebook,#CyberSecurity,Middle East
2026-03-01,Facebook,#CloudComputing,North America
2026-03-04,Twitter/X,#CloudComputing,Europe
2026-03-02,Facebook,#Gaming,North America
2026-03-05,Twitter/X,#Movies,North America
2026-03-01,LinkedIn,#MachineLearning,Middle East
2026-03-05,LinkedIn,#Netflix,North America
2026-03-03,Facebook,#FIFA,Asia-Pacific
2026-03-04,Instagram,#AI,Asia-Pacific
2026-03-04,Facebook,#IPL,Asia-Pacific
2026-03-02,Instagram,#Cricket,Europe
2026-03-05,Instagram,#MachineLearning,North America
2026-03-05,Facebook,#MachineLearning,North America
2026-03-05,Twitter/X,#Tech,Latin America
2026-03-02,Instagram,#CyberSecurity,Europe
2026-03-01,Twitter/X,#Tech,North America
2026-03-01,Twitter/X,#IPL,Europe
2026-03-04,Facebook,#Bollywood,Middle East
2026-03-02,Instagram,#Bollywood,Asia-Pacific
2026-03-02,Instagram,#Cricket,North America
2026-03-03,LinkedIn,#Netflix,Middle East
2026-03-04,Instagram,#FIFA,Asia-Pacific
2026-03-02,Instagram,#AI,Latin America
2026-03-01,Facebook,#Cricket,North America
2026-03-02,LinkedIn,#AI,North America
2026-03-05,LinkedIn,#Gaming,Europe
2026-03-05,LinkedIn,#FIFA,North America
2026-03-03,Facebook,#Music,North America
2026-03-01,Instagram,#AI,Europe
2026-03-05,LinkedIn,#Tech,North America
2026-03-02,LinkedIn,#Cricket,Latin America
2026-03-02,Facebook,#AI,Asia-Pacific
2026-03-02,Facebook,#Netflix,Europe
2026-03-01,Instagram,#Tech,Latin America
2026-03-03,Twitter/X,#CloudComputing,Asia-Pacific
2026-03-01,Twitter/X,#Cricket,Latin America
2026-03-05,Instagram,#Bollywood,North America
2026-03-04,Twitter/X,#Cricket,Europe
2026-03-05,Facebook,#Bollywood,Middle East
2026-03-03,Instagram,#Netflix,North America
2026-03-02,Instagram,#IPL,Middle East
2026-03-02,Twitter/X,#Cricket,Asia-Pacific
2026-03-04,LinkedIn,#MachineLearning,Latin America
2026-03-04,LinkedIn,#DataScience,Middle East
2026-03-04,LinkedIn,#Netflix,Asia-Pacific
2026-03-04,Instagram,#Tennis,Europe
2026-03-01,LinkedIn,#Movies,North America
2026-03-01,LinkedIn,#Bollywood,Asia-Pacific
2026-03-01,Twitter/X,#IPL,Latin America
2026-03-03,Facebook,#Tennis,Europe
2026-03-01,Twitter/X,#Cricket,North America
2026-03-02,Facebook,#AI,Europe
2026-03-04,LinkedIn,#Tech,Europe
2026-03-05,Instagram,#Netflix,Latin America
2026-03-04,Facebook,#Sports,Latin America
2026-03-02,LinkedIn,#Movies,Latin America
2026-03-04,Instagram,#Tech,Latin America
2026-03-04,Facebook,#MachineLearning,North America
2026-03-04,Facebook,#Tech,North America
2026-03-01,Instagram,#DataScience,Middle East
2026-03-05,Instagram,#Tech,Middle East
2026-03-04,LinkedIn,#MachineLearning,Europe
2026-03-04,LinkedIn,#MachineLearning,Asia-Pacific
2026-03-01,LinkedIn,#Netflix,Europe
2026-03-04,Twitter/X,#Hollywood,North America
2026-03-04,LinkedIn,#Tech,Asia-Pacific
2026-03-05,LinkedIn,#Netflix,Middle East
2026-03-04,Twitter/X,#AI,North America
2026-03-05,LinkedIn,#Cricket,Asia-Pacific
2026-03-01,LinkedIn,#Netflix,Middle East
2026-03-04,Facebook,#MachineLearning,Europe
2026-03-01,Instagram,#AI,Asia-Pacific
2026-03-03,Instagram,#Tech,Middle East
2026-03-04,Twitter/X,#AI,Latin America
2026-03-02,LinkedIn,#AI,Middle East
2026-03-03,LinkedIn,#Music,North America
2026-03-02,LinkedIn,#Hollywood,Middle East
2026-03-02,Twitter/X,#MachineLearning,Latin America
2026-03-05,Facebook,#Netflix,Latin America
2026-03-04,LinkedIn,#AI,Middle East
2026-03-03,Facebook,#Movies,Middle East
2026-03-03,Twitter/X,#DataScience,Middle East
2026-03-02,Twitter/X,#Tech,Asia-Pacific
2026-03-02,Instagram,#AI,Europe
2026-03-03,Twitter/X,#Cricket,Asia-Pacific
2026-03-03,LinkedIn,#Netflix,Europe
2026-03-04,Twitter/X,#AI,Asia-Pacific
2026-03-03,Instagram,#Movies,Europe
2026-03-01,LinkedIn,#FIFA,Latin America
2026-03-02,LinkedIn,#Netflix,North America
2026-03-01,LinkedIn,#DataScience,Asia-Pacific
2026-03-02,LinkedIn,#AI,Europe
2026-03-01,LinkedIn,#Gaming,Europe
2026-03-01,Facebook,#Hollywood,Middle East
2026-03-04,Twitter/X,#Tech,North America
2026-03-03,LinkedIn,#Music,Europe
2026-03-01,Twitter/X,#AI,Latin America
2026-03-01,LinkedIn,#Tech,Latin America
2026-03-04,Facebook,#AI,Latin America
2026-03-01,Facebook,#Tech,North America
2026-03-01,Instagram,#DataScience,North America
2026-03-03,Facebook,#AI,North America
2026-03-04,Twitter/X,#Netflix,Middle East
2026-03-05,Instagram,#IPL,Latin America
2026-03-03,Twitter/X,#Cricket,North America
2026-03-05,Instagram,#Tech,Middle East
2026-03-05,Instagram,#AI,Middle East
2026-03-02,Facebook,#Netflix,Latin America
2026-03-03,Instagram,#DataScience,Latin America
2026-03-02,LinkedIn,#CyberSecurity,Latin America
2026-03-01,Twitter/X,#Cricket,Asia-Pacific
2026-03-05,Twitter/X,#Cricket,North America
2026-03-01,Twitter/X,#DataScience,Latin America
2026-03-05,LinkedIn,#Bollywood,Latin America
2026-03-05,Twitter/X,#Cricket,Middle East
2026-03-02,Instagram,#CyberSecurity,Latin America
2026-03-04,Twitter/X,#Sports,Latin America
2026-03-05,Instagram,#Bollywood,Middle East
2026-03-03,Facebook,#Sports,Middle East
2026-03-05,Twitter/X,#DataScience,Middle East
2026-03-01,LinkedIn,#AI,Latin America
2026-03-04,Twitter/X,#MachineLearning,Latin America
2026-03-03,Instagram,#Tech,Latin America
2026-03-02,Facebook,#Sports,Asia-Pacific
2026-03-01,Twitter/X,#IPL,Asia-Pacific
2026-03-01,Instagram,#DataScience,Asia-Pacific
2026-03-03,Instagram,#AI,Middle East
2026-03-03,Instagram,#Sports,North America
2026-03-02,LinkedIn,#Gaming,Europe
2026-03-04,Instagram,#Cricket,Europe
2026-03-01,LinkedIn,#Music,North America
2026-03-04,LinkedIn,#Gaming,Europe
2026-03-03,LinkedIn,#DataScience,North America
2026-03-01,Facebook,#CloudComputing,Asia-Pacific
2026-03-03,Instagram,#Netflix,Asia-Pacific
2026-03-01,Facebook,#DataScience,Asia-Pacific
2026-03-04,LinkedIn,#Gaming,North America
2026-03-04,Instagram,#Sports,Latin America
2026-03-02,Twitter/X,#MachineLearning,Asia-Pacific
2026-03-03,Instagram,#Football,Europe
2026-03-03,Instagram,#Tech,Europe
2026-03-01,LinkedIn,#Movies,Europe
2026-03-04,Facebook,#Cricket,Europe
2026-03-02,Facebook,#IPL,Middle East
2026-03-01,LinkedIn,#CyberSecurity,North America
2026-03-05,Instagram,#Hollywood,Asia-Pacific
2026-03-04,Facebook,#Cricket,Middle East
2026-03-02,Facebook,#Football,North America
2026-03-05,Twitter/X,#MachineLearning,Latin America
2026-03-01,Instagram,#CloudComputing,Asia-Pacific
2026-03-01,Facebook,#CloudComputing,North America
2026-03-03,LinkedIn,#IPL,North America
2026-03-03,Twitter/X,#Music,Asia-Pacific
2026-03-04,Instagram,#MachineLearning,Latin America
2026-03-04,Facebook,#Tech,Asia-Pacific
2026-03-04,Twitter/X,#Gaming,Asia-Pacific
2026-03-05,Twitter/X,#DataScience,Middle East
2026-03-03,Instagram,#Gaming,North America
2026-03-04,Facebook,#Music,Europe
2026-03-03,Facebook,#Cricket,Asia-Pacific
2026-03-01,Instagram,#MachineLearning,Latin America
2026-03-05,Twitter/X,#Music,Middle East
2026-03-05,Instagram,#Movies,Latin America
2026-03-04,Facebook,#Gaming,North America
2026-03-04,Facebook,#AI,Asia-Pacific
2026-03-02,Facebook,#Hollywood,Asia-Pacific
2026-03-02,Twitter/X,#Music,Latin America
2026-03-02,LinkedIn,#MachineLearning,Latin America
2026-03-02,Instagram,#Football,Latin America
2026-03-03,Instagram,#IPL,Middle East
2026-03-01,Facebook,#FIFA,Asia-Pacific
2026-03-02,LinkedIn,#DataScience,Latin America
2026-03-01,Instagram,#Gaming,Middle East
2026-03-01,Facebook,#Football,North America
2026-03-05,LinkedIn,#MachineLearning,North America
2026-03-04,Instagram,#MachineLearning,Latin America
2026-03-03,Facebook,#Cricket,Middle East
2026-03-04,Instagram,#Bollywood,Middle East
2026-03-04,Facebook,#Netflix,North America
2026-03-03,Facebook,#Cricket,Middle East
2026-03-03,LinkedIn,#Sports,Latin America
2026-03-03,Instagram,#Cricket,Middle East
2026-03-04,Twitter/X,#AI,North America
2026-03-04,LinkedIn,#Cricket,Asia-Pacific
2026-03-04,Instagram,#MachineLearning,Latin America
2026-03-03,Instagram,#Netflix,Latin America
2026-03-01,Instagram,#AI,Europe
2026-03-03,Facebook,#Cricket,Europe
2026-03-02,Twitter/X,#AI,Europe
2026-03-02,Facebook,#Gaming,Middle East
2026-03-01,LinkedIn,#Netflix,Middle East
2026-03-03,Instagram,#AI,Middle East
2026-03-05,Facebook,#MachineLearning,Middle East
2026-03-04,LinkedIn,#DataScience,North America
2026-03-02,Twitter/X,#Netflix,Asia-Pacific
2026-03-01,Twitter/X,#Movies,Europe
2026-03-01,Instagram,#Netflix,North America
2026-03-01,LinkedIn,#Football,North America
2026-03-01,LinkedIn,#IPL,Latin America
2026-03-04,Twitter/X,#Football,Asia-Pacific
2026-03-04,Twitter/X,#Cricket,Middle East
2026-03-05,Facebook,#CloudComputing,Latin America
2026-03-02,Instagram,#Tech,Middle East
2026-03-01,Twitter/X,#Gaming,Middle East
2026-03-05,Facebook,#CyberSecurity,Asia-Pacific
2026-03-05,Facebook,#FIFA,Asia-Pacific
2026-03-04,LinkedIn,#Sports,Europe
2026-03-03,Instagram,#MachineLearning,Asia-Pacific
2026-03-02,Twitter/X,#Tennis,North America
2026-03-04,LinkedIn,#AI,North America
2026-03-01,Facebook,#CyberSecurity,Asia-Pacific
2026-03-03,Facebook,#Gaming,North America
2026-03-03,Facebook,#Cricket,Middle East
2026-03-02,Instagram,#Football,Europe
2026-03-04,LinkedIn,#Netflix,Asia-Pacific
2026-03-04,Facebook,#Gaming,Asia-Pacific
2026-03-02,LinkedIn,#Cricket,Europe
2026-03-04,LinkedIn,#MachineLearning,Europe
2026-03-02,Instagram,#AI,North America
2026-03-03,Instagram,#IPL,Middle East
2026-03-05,Instagram,#Cricket,Middle East
2026-03-01,Facebook,#Cricket,North America
2026-03-05,LinkedIn,#Netflix,North America
2026-03-01,Instagram,#DataScience,Europe
2026-03-04,Facebook,#IPL,Latin America
2026-03-03,Facebook,#AI,Latin America
2026-03-02,Twitter/X,#CyberSecurity,Latin America
2026-03-04,LinkedIn,#CloudComputing,North America
2026-03-02,Twitter/X,#Sports,Europe
2026-03-03,Instagram,#DataScience,North America
2026-03-04,Twitter/X,#Music,Latin America
2026-03-03,Twitter/X,#Movies,Latin America
2026-03-05,LinkedIn,#Netflix,Latin America
2026-03-05,Instagram,#MachineLearning,Europe
2026-03-03,Facebook,#MachineLearning,North America
2026-03-01,Twitter/X,#CloudComputing,Middle East
2026-03-05,Instagram,#AI,Asia-Pacific
2026-03-04,Facebook,#Football,Asia-Pacific
2026-03-02,LinkedIn,#DataScience,Middle East
2026-03-02,Facebook,#FIFA,Middle East
2026-03-01,Instagram,#AI,Europe
2026-03-05,Instagram,#Hollywood,Europe
2026-03-05,LinkedIn,#CloudComputing,North America
2026-03-05,Twitter/X,#MachineLearning,Asia-Pacific
2026-03-01,LinkedIn,#CloudComputing,Asia-Pacific
2026-03-04,Instagram,#IPL,Europe
2026-03-03,Facebook,#CyberSecurity,Europe
2026-03-05,Instagram,#Tech,North America
2026-03-05,Facebook,#CyberSecurity,Middle East
2026-03-03,Facebook,#Cricket,Asia-Pacific
2026-03-02,Twitter/X,#DataScience,Middle East
2026-03-03,LinkedIn,#Tech,Latin America
2026-03-05,Twitter/X,#Netflix,Europe
2026-03-01,Instagram,#Bollywood,Asia-Pacific
2026-03-05,Facebook,#Movies,Latin America
2026-03-03,Twitter/X,#AI,North America
2026-03-05,Twitter/X,#MachineLearning,Middle East
2026-03-02,Facebook,#IPL,North America
2026-03-02,Facebook,#MachineLearning,Latin America
2026-03-05,LinkedIn,#AI,Asia-Pacific
2026-03-05,Instagram,#Netflix,Europe
2026-03-01,Facebook,#Cricket,Middle East
2026-03-02,Twitter/X,#AI,North America
2026-03-02,LinkedIn,#DataScience,Middle East
2026-03-03,LinkedIn,#Football,Asia-Pacific
2026-03-01,Instagram,#Music,North America
2026-03-03,Twitter/X,#Netflix,Middle East
2026-03-03,Twitter/X,#CyberSecurity,Middle East
2026-03-01,LinkedIn,#CyberSecurity,North America
2026-03-04,LinkedIn,#IPL,Latin America
2026-03-02,Twitter/X,#MachineLearning,North America
2026-03-05,Twitter/X,#AI,Middle East
2026-03-05,Twitter/X,#Music,Latin America
2026-03-04,Facebook,#Music,North America
2026-03-02,Facebook,#CyberSecurity,Latin America
2026-03-04,LinkedIn,#Football,Middle East
2026-03-05,Twitter/X,#IPL,Middle East
2026-03-05,LinkedIn,#Cricket,Middle East
2026-03-05,Facebook,#AI,Europe
2026-03-02,Facebook,#Netflix,Asia-Pacific
2026-03-05,LinkedIn,#Netflix,Latin America
2026-03-02,Instagram,#AI,Latin America
2026-03-03,Twitter/X,#Hollywood,Asia-Pacific
2026-03-01,Twitter/X,#Netflix,Middle East
2026-03-01,Twitter/X,#Cricket,Asia-Pacific
2026-03-05,Instagram,#Cricket,Asia-Pacific
2026-03-05,Twitter/X,#DataScience,Europe
2026-03-05,Twitter/X,#DataScience,Asia-Pacific
2026-03-04,Facebook,#Netflix,Europe
2026-03-04,Instagram,#Netflix,Latin America
2026-03-05,Instagram,#CyberSecurity,Asia-Pacific
2026-03-04,Facebook,#DataScience,Middle East
2026-03-04,Facebook,#CloudComputing,Asia-Pacific
2026-03-05,LinkedIn,#Gaming,Middle East
2026-03-04,Twitter/X,#Cricket,Latin America
2026-03-05,LinkedIn,#Sports,North America
2026-03-05,Instagram,#AI,Europe
2026-03-04,Twitter/X,#DataScience,Europe
2026-03-03,Instagram,#MachineLearning,Latin America
2026-03-02,Instagram,#Gaming,Europe
2026-03-05,LinkedIn,#Tech,Latin America
2026-03-03,Instagram,#Tech,North America
2026-03-03,Twitter/X,#Music,Asia-Pacific
2026-03-02,LinkedIn,#Cricket,Europe
2026-03-04,Twitter/X,#DataScience,North America
2026-03-02,Facebook,#DataScience,Latin America
2026-03-03,Twitter/X,#Gaming,Latin America
2026-03-04,Facebook,#Tennis,Europe
2026-03-02,Twitter/X,#Football,Latin America
2026-03-02,Twitter/X,#CyberSecurity,Asia-Pacific
2026-03-01,LinkedIn,#Bollywood,Asia-Pacific
2026-03-05,Instagram,#DataScience,Europe
2026-03-03,Facebook,#Football,Asia-Pacific
2026-03-04,Instagram,#Netflix,Asia-Pacific
2026-03-05,LinkedIn,#Football,North America
2026-03-04,Twitter/X,#DataScience,Latin America
2026-03-05,LinkedIn,#Netflix,North America
2026-03-01,Twitter/X,#MachineLearning,Asia-Pacific
2026-03-02,Twitter/X,#CyberSecurity,Latin America
2026-03-05,LinkedIn,#DataScience,Latin America
2026-03-03,LinkedIn,#Gaming,Middle East
2026-03-04,Facebook,#Sports,Asia-Pacific
2026-03-04,Twitter/X,#Gaming,Middle East
2026-03-04,Twitter/X,#Tennis,North America
2026-03-04,Facebook,#CloudComputing,Asia-Pacific
2026-03-04,LinkedIn,#MachineLearning,Middle East
2026-03-01,Facebook,#Hollywood,Latin America
2026-03-02,Instagram,#Tech,Asia-Pacific
2026-03-05,LinkedIn,#Music,Europe
2026-03-04,LinkedIn,#CyberSecurity,Asia-Pacific
2026-03-01,Facebook,#Football,Middle East
2026-03-05,Twitter/X,#Sports,Middle East
2026-03-04,Facebook,#Netflix,North America
2026-03-02,LinkedIn,#FIFA,Latin America
2026-03-04,Twitter/X,#Cricket,Asia-Pacific
2026-03-05,Instagram,#AI,Asia-Pacific
2026-03-05,Instagram,#CyberSecurity,North America
2026-03-02,Instagram,#Movies,Asia-Pacific
2026-03-04,Instagram,#IPL,North America
2026-03-03,Twitter/X,#Netflix,Middle East
2026-03-03,Instagram,#IPL,Latin America
2026-03-02,LinkedIn,#MachineLearning,Europe
2026-03-02,Twitter/X,#IPL,North America
2026-03-03,Facebook,#Football,Asia-Pacific
2026-03-03,Facebook,#CloudComputing,Middle East
2026-03-03,Instagram,#AI,Asia-Pacific
2026-03-03,Twitter/X,#MachineLearning,Latin America
2026-03-02,Facebook,#Tennis,North America
2026-03-04,Instagram,#Bollywood,Latin America
2026-03-02,Instagram,#AI,Middle East
2026-03-01,LinkedIn,#Netflix,Latin America
2026-03-04,Facebook,#MachineLearning,Europe
2026-03-01,Instagram,#Tech,North America
2026-03-05,Instagram,#Music,Europe
2026-03-01,Instagram,#MachineLearning,Europe
2026-03-01,Instagram,#CyberSecurity,Asia-Pacific
2026-03-02,LinkedIn,#Tennis,Middle East
2026-03-05,Instagram,#AI,Asia-Pacific
2026-03-05,LinkedIn,#Netflix,Asia-Pacific
2026-03-02,Instagram,#Bollywood,Europe
2026-03-04,Twitter/X,#Bollywood,Asia-Pacific
2026-03-01,Facebook,#DataScience,Asia-Pacific
2026-03-03,LinkedIn,#CyberSecurity,Latin America
2026-03-01,Twitter/X,#Hollywood,North America
2026-03-02,LinkedIn,#AI,Europe
2026-03-02,LinkedIn,#Football,North America
2026-03-04,Facebook,#Bollywood,Middle East
2026-03-03,Twitter/X,#IPL,Europe
2026-03-02,LinkedIn,#Cricket,Europe
2026-03-03,Facebook,#Football,Asia-Pacific
2026-03-03,Twitter/X,#Gaming,Asia-Pacific
2026-03-01,Instagram,#AI,North America
2026-03-04,LinkedIn,#CyberSecurity,Middle East
2026-03-05,Twitter/X,#FIFA,North America
2026-03-03,Facebook,#Sports,North America
2026-03-01,Twitter/X,#CyberSecurity,Asia-Pacific
2026-03-02,Twitter/X,#Music,Middle East
2026-03-01,Facebook,#Movies,Middle East
2026-03-01,Instagram,#Movies,Latin America
2026-03-01,Facebook,#Gaming,Asia-Pacific
2026-03-02,LinkedIn,#Hollywood,Europe
2026-03-03,LinkedIn,#Football,Middle East
2026-03-04,Facebook,#Tennis,Asia-Pacific
2026-03-02,Twitter/X,#Tech,Europe
2026-03-05,LinkedIn,#MachineLearning,Latin America
2026-03-02,LinkedIn,#Football,North America
2026-03-03,Facebook,#Tennis,Middle East
2026-03-03,Facebook,#Football,Asia-Pacific
2026-03-03,LinkedIn,#MachineLearning,Latin America
2026-03-02,Facebook,#Movies,Latin America
2026-03-03,Instagram,#Tennis,Asia-Pacific
2026-03-05,Facebook,#MachineLearning,Europe
2026-03-05,Facebook,#CloudComputing,Middle East
2026-03-03,Instagram,#Movies,Asia-Pacific
