Timestamp,Stock,Price
2026-01-05,AAPL,185.00
2026-01-05,GOOGL,160.00
2026-01-05,MSFT,415.00
2026-01-05,AMZN,175.00
2026-01-05,TSLA,210.00
2026-01-06,AAPL,185.03
2026-01-06,GOOGL,159.90
2026-01-06,MSFT,415.01
2026-01-06,AMZN,177.05
2026-01-06,TSLA,209.76
2026-01-07,AAPL,182.09
2026-01-07,GOOGL,160.81
2026-01-07,MSFT,414.47
2026-01-07,AMZN,176.81
2026-01-07,TSLA,210.93
2026-01-08,AAPL,182.95
2026-01-08,GOOGL,163.39
2026-01-08,MSFT,417.17
2026-01-08,AMZN,177.39
2026-01-08,TSLA,207.15
2026-01-09,AAPL,181.07
2026-01-09,GOOGL,164.13
2026-01-09,MSFT,422.16
2026-01-09,AMZN,177.79
2026-01-09,TSLA,207.03
2026-01-10,AAPL,182.59
2026-01-10,GOOGL,161.47
2026-01-10,MSFT,421.47
2026-01-10,AMZN,179.32
2026-01-10,TSLA,212.60
2026-01-11,AAPL,182.41
2026-01-11,GOOGL,162.47
2026-01-11,MSFT,422.74
2026-01-11,AMZN,181.58
2026-01-11,TSLA,206.64
2026-01-12,AAPL,184.01
2026-01-12,GOOGL,159.69
2026-01-12,MSFT,413.97
2026-01-12,AMZN,180.36
2026-01-12,TSLA,201.83
2026-01-13,AAPL,186.29
2026-01-13,GOOGL,161.27
2026-01-13,MSFT,410.10
2026-01-13,AMZN,182.78
2026-01-13,TSLA,196.52
2026-01-14,AAPL,186.45
2026-01-14,GOOGL,160.93
2026-01-14,MSFT,410.90
2026-01-14,AMZN,185.13
2026-01-14,TSLA,200.72
2026-01-15,AAPL,187.57
2026-01-15,GOOGL,162.48
2026-01-15,MSFT,412.97
2026-01-15,AMZN,183.86
2026-01-15,TSLA,197.06
2026-01-16,AAPL,186.89
2026-01-16,GOOGL,163.73
2026-01-16,MSFT,412.49
2026-01-16,AMZN,190.00
2026-01-16,TSLA,192.81
2026-01-17,AAPL,184.82
2026-01-17,GOOGL,165.52
2026-01-17,MSFT,417.87
2026-01-17,AMZN,191.56
2026-01-17,TSLA,198.16
2026-01-18,AAPL,188.31
2026-01-18,GOOGL,165.58
2026-01-18,MSFT,413.29
2026-01-18,AMZN,190.53
2026-01-18,TSLA,204.19
2026-01-19,AAPL,185.48
2026-01-19,GOOGL,165.90
2026-01-19,MSFT,414.58
2026-01-19,AMZN,190.04
2026-01-19,TSLA,208.89
2026-01-20,AAPL,187.11
2026-01-20,GOOGL,170.79
2026-01-20,MSFT,417.15
2026-01-20,AMZN,188.82
2026-01-20,TSLA,206.13
2026-01-21,AAPL,185.63
2026-01-21,GOOGL,172.94
2026-01-21,MSFT,415.57
2026-01-21,AMZN,188.94
2026-01-21,TSLA,210.98
2026-01-22,AAPL,184.39
2026-01-22,GOOGL,172.60
2026-01-22,MSFT,409.53
2026-01-22,AMZN,186.53
2026-01-22,TSLA,208.19
2026-01-23,AAPL,185.65
2026-01-23,GOOGL,175.24
2026-01-23,MSFT,409.87
2026-01-23,AMZN,187.48
2026-01-23,TSLA,209.66
2026-01-24,AAPL,188.39
2026-01-24,GOOGL,177.28
2026-01-24,MSFT,411.23
2026-01-24,AMZN,185.25
2026-01-24,TSLA,215.40
2026-01-25,AAPL,189.58
2026-01-25,GOOGL,179.98
2026-01-25,MSFT,411.53
2026-01-25,AMZN,190.43
2026-01-25,TSLA,213.82
2026-01-26,AAPL,193.43
2026-01-26,GOOGL,180.46
2026-01-26,MSFT,410.12
2026-01-26,AMZN,187.91
2026-01-26,TSLA,213.44
2026-01-27,AAPL,196.91
2026-01-27,GOOGL,182.34
2026-01-27,MSFT,412.93
2026-01-27,AMZN,182.27
2026-01-27,TSLA,218.06
2026-01-28,AAPL,198.48
2026-01-28,GOOGL,181.49
2026-01-28,MSFT,411.13
2026-01-28,AMZN,182.56
2026-01-28,TSLA,228.56
2026-01-29,AAPL,196.51
2026-01-29,GOOGL,180.88
2026-01-29,MSFT,416.30
2026-01-29,AMZN,181.74
2026-01-29,TSLA,226.95
2026-01-30,AAPL,197.08
2026-01-30,GOOGL,178.65
2026-01-30,MSFT,417.47
2026-01-30,AMZN,179.02
2026-01-30,TSLA,232.58
2026-01-31,AAPL,197.44
2026-01-31,GOOGL,183.47
2026-01-31,MSFT,418.85
2026-01-31,AMZN,182.73
2026-01-31,TSLA,225.52
2026-02-01,AAPL,197.52
2026-02-01,GOOGL,184.37
2026-02-01,MSFT,425.36
2026-02-01,AMZN,178.83
2026-02-01,TSLA,231.77
2026-02-02,AAPL,199.17
2026-02-02,GOOGL,187.69
2026-02-02,MSFT,428.25
2026-02-02,AMZN,179.26
2026-02-02,TSLA,229.24
2026-02-03,AAPL,196.77
2026-02-03,GOOGL,188.33
2026-02-03,MSFT,427.98
2026-02-03,AMZN,184.61
2026-02-03,TSLA,226.20
2026-02-04,AAPL,197.82
2026-02-04,GOOGL,185.44
2026-02-04,MSFT,427.00
2026-02-04,AMZN,185.56
2026-02-04,TSLA,231.48
2026-02-05,AAPL,201.36
2026-02-05,GOOGL,185.60
2026-02-05,MSFT,423.49
2026-02-05,AMZN,187.00
2026-02-05,TSLA,234.98
2026-02-06,AAPL,202.79
2026-02-06,GOOGL,184.45
2026-02-06,MSFT,427.86
2026-02-06,AMZN,187.52
2026-02-06,TSLA,239.54
2026-02-07,AAPL,205.94
2026-02-07,GOOGL,185.92
2026-02-07,MSFT,429.26
2026-02-07,AMZN,193.20
2026-02-07,TSLA,241.45
2026-02-08,AAPL,205.64
2026-02-08,GOOGL,186.39
2026-02-08,MSFT,434.85
2026-02-08,AMZN,193.80
2026-02-08,TSLA,244.96
2026-02-09,AAPL,208.62
2026-02-09,GOOGL,185.61
2026-02-09,MSFT,429.21
2026-02-09,AMZN,194.85
2026-02-09,TSLA,246.79
2026-02-10,AAPL,207.63
2026-02-10,GOOGL,187.60
2026-02-10,MSFT,431.74
2026-02-10,AMZN,192.66
2026-02-10,TSLA,250.30
2026-02-11,AAPL,207.55
2026-02-11,GOOGL,184.88
2026-02-11,MSFT,433.73
2026-02-11,AMZN,192.85
2026-02-11,TSLA,246.48
2026-02-12,AAPL,209.05
2026-02-12,GOOGL,186.11
2026-02-12,MSFT,432.11
2026-02-12,AMZN,194.15
2026-02-12,TSLA,252.87
2026-02-13,AAPL,207.83
2026-02-13,GOOGL,187.12
2026-02-13,MSFT,432.52
2026-02-13,AMZN,200.12
2026-02-13,TSLA,242.57
2026-02-14,AAPL,209.71
2026-02-14,GOOGL,186.76
2026-02-14,MSFT,432.57
2026-02-14,AMZN,205.17
2026-02-14,TSLA,243.02
2026-02-15,AAPL,214.99
2026-02-15,GOOGL,186.13
2026-02-15,MSFT,434.20
2026-02-15,AMZN,204.24
2026-02-15,TSLA,239.51
2026-02-16,AAPL,215.48
2026-02-16,GOOGL,185.81
2026-02-16,MSFT,435.31
2026-02-16,AMZN,199.28
2026-02-16,TSLA,251.62
2026-02-17,AAPL,215.46
2026-02-17,GOOGL,189.55
2026-02-17,MSFT,432.19
2026-02-17,AMZN,200.31
2026-02-17,TSLA,270.48
2026-02-18,AAPL,213.90
2026-02-18,GOOGL,186.81
2026-02-18,MSFT,430.68
2026-02-18,AMZN,201.79
2026-02-18,TSLA,275.00
2026-02-19,AAPL,217.09
2026-02-19,GOOGL,186.55
2026-02-19,MSFT,425.47
2026-02-19,AMZN,201.00
2026-02-19,TSLA,282.69
2026-02-20,AAPL,218.46
2026-02-20,GOOGL,182.89
2026-02-20,MSFT,425.75
2026-02-20,AMZN,204.80
2026-02-20,TSLA,295.52
2026-02-21,AAPL,220.05
2026-02-21,GOOGL,183.76
2026-02-21,MSFT,421.81
2026-02-21,AMZN,202.99
2026-02-21,TSLA,296.29
2026-02-22,AAPL,221.51
2026-02-22,GOOGL,185.17
2026-02-22,MSFT,420.54
2026-02-22,AMZN,200.41
2026-02-22,TSLA,292.28
2026-02-23,AAPL,219.31
2026-02-23,GOOGL,186.71
2026-02-23,MSFT,412.85
2026-02-23,AMZN,199.88
2026-02-23,TSLA,295.39
2026-02-24,AAPL,223.01
2026-02-24,GOOGL,187.10
2026-02-24,MSFT,416.75
2026-02-24,AMZN,199.18
2026-02-24,TSLA,291.57
2026-02-25,AAPL,221.88
2026-02-25,GOOGL,190.40
2026-02-25,MSFT,420.63
2026-02-25,AMZN,200.70
2026-02-25,TSLA,311.39
2026-02-26,AAPL,222.16
2026-02-26,GOOGL,191.89
2026-02-26,MSFT,422.11
2026-02-26,AMZN,200.45
2026-02-26,TSLA,325.32
2026-02-27,AAPL,225.82
2026-02-27,GOOGL,189.34
2026-02-27,MSFT,421.11
2026-02-27,AMZN,201.82
2026-02-27,TSLA,330.36
2026-02-28,AAPL,223.20
2026-02-28,GOOGL,185.08
2026-02-28,MSFT,414.84
2026-02-28,AMZN,201.94
2026-02-28,TSLA,330.26
2026-03-01,AAPL,224.31
2026-03-01,GOOGL,183.79
2026-03-01,MSFT,410.96
2026-03-01,AMZN,197.18
2026-03-01,TSLA,332.67
2026-03-02,AAPL,225.47
2026-03-02,GOOGL,186.03
2026-03-02,MSFT,414.13
2026-03-02,AMZN,197.00
2026-03-02,TSLA,341.00
2026-03-03,AAPL,225.52
2026-03-03,GOOGL,184.96
2026-03-03,MSFT,412.71
2026-03-03,AMZN,195.84
2026-03-03,TSLA,328.94
2026-03-04,AAPL,226.21
2026-03-04,GOOGL,185.71
2026-03-04,MSFT,411.84
2026-03-04,AMZN,194.36
2026-03-04,TSLA,331.60
2026-03-05,AAPL,230.34
2026-03-05,GOOGL,186.04
2026-03-05,MSFT,410.46
2026-03-05,AMZN,193.18
2026-03-05,TSLA,331.70
